Username;Password;Nama Lengkap;No. Telepon;Berat Badan (kg);Tinggi Badan (cm);Usia;Jenis Kelamin;Tingkat Aktivitas;Tujuan Program;Login Count;Nilai Pola Hidup
Randy;123456;Randy;081398544575;55.00;178.00;18;P;1996782664;1;0;-2
Thoriq123;Thoriq1234;Muhammad Thoriq Salahudin Haryoto;087870398337;55.00;176.00;18;P;1988644168;1;0;60
zaldi;zelda123;Zaldi Arifa;0894567890;50.00;165.00;20;P;1975143752;1;0;120
Burhan;123456;Burhan Abdur Rahman;089501901000;55.00;170.00;19;P;4199136;2961408;1;50
nouseruse;nouseruse;Kaylla Asyifa;089849837489;60.00;160.00;17;W;1986954344;1;0;-27
sekarayu;sekarayu;sekar;1234567890;55.00;160.00;18;P;1964264776;1;1;60
